dfa15ea383c1deb24440e84ce05e6d3f7d56e2fe07d2b7e98f5cff0f5051b964	site-accounts-1040.png
2233bd09ecae8e8508835b33fa1fae70db4d892e1d937de389c50f8b38086557	site-accounts-880.png
ee6ec10628df195a355a737523ef929fdb7f9ee6c985fef2a0eb8a5416bdf619	site-basic-1040.png
b258ad13ba27a398b2982846ede4dbbe4ea9cfc17ef523cdb59d85584e8a653a	site-basic-880.png
8097695600f35814e633d342661e092d245dd753711ae4d2b658cf933b8918da	site-empty-list-1040.png
4d8079fb7302821c431e2c82c5c523d34f405592abaf00f5fac457551a172b5e	site-empty-list-880.png
7b5569a5bd8bc679eebec6e55ea31353f882016a96852ab675ce983349b02469	site-empty-selection-1040.png
82356939b5bafce456289ff97c1824164ca53768ef8892f8da8799ed1f014f6d	site-empty-selection-880.png
148753dedcb786a2b519d7907d2826f2cc277751207d644350eb136b6a729d75	site-load-error-1040.png
919f8a232a536239e18ba54168d5fbef3cf8ffe2ab0ef5aeb61e22a3bace8a97	site-load-error-880.png
c150918fa41a6ef3afae1880ec919f490ebf3ed537c9f6a110bf3501114d9694	site-management.json
bcdbbcd8d6f4643655111c86c9491c8e75c97ed7375bb8d6ba6529d439e68a23	site-window-account-details-1040.png
ac1fc680cd6e9f26caa4425fb8d8fdcdd796d96c947f5b4a99c3e3bf5fffe429	site-window-account-details-880.png
2edae4bd4d59efb9e4c3a794afbcbba89aa4b141d44cdcd72408fa6b076deca4	site-window-accounts-1040.png
f37038fe7d9cdca1f5566c18899e737639cfacbe8055139973cf27ef584a5695	site-window-accounts-880.png
480945c2bbcfb6f2ea3eabcf3602b2aaafa9dd32d1893984a8834d2c35ca4eda	site-window-basic-1040.png
6e5bb24271c6d7b27727c09a336041a730fb035c2ef126e969503172547bfcdc	site-window-basic-880.png
7a844120ede293eeef592d82a9314275d5e1489a023768c51999bd31a3a6c208	site-window-empty-list-1040.png
49c2dd712ee9153d3b84b3f1e4b3eef00e7d481fae6686fc7c9d19b59ae5de0c	site-window-empty-list-880.png
d411b4b70d936ef611c780e7915c7f439fb13e5fe943f956024f5fb76c40abea	site-window-empty-selection-1040.png
7e983d9f4f399d47b49e6578aebaf22504314d79e22131d4001925641bbee390	site-window-empty-selection-880.png
8e984720fe8d269ea35690aef747d1b75abe13f20e5be14ee57460f302931958	site-window-load-error-1040.png
4ba8cae7c960fe6ac05d6deea0aa2385d914efbf4872a595a5998f43e80067db	site-window-load-error-880.png
