efafc1bec0772529856f9e7c6d6a330c2ca14575e135dabdc3b78f1fee754f4c	registration-active-480.png
ad375ddee2cabb0f78674b75b62994332802fa433bc758d76425979fb83c0999	registration-active-640.png
a7b93e343fcfe18653411d5f73002abcce7829e216bc1da367d3db06e89e092c	registration-active-controls-narrow.png
f363fe607356bf5205409c7031e623a4709516e659e5cc3429afa9da32697aec	registration-active-narrow.png
78ddf52f95e3c3dcf73efe634f30d1f89fd62b1fa98452d4af03c549ac62a14f	registration-empty-480.png
a5f419823214f9f16cda29e3efe9f7e1707c2da0d6d0f388e96b2de4d6d18d85	registration-empty-640.png
cc90b59c0e9227bf4809dc66af3e263134b54308fb5b54a3663fca847940a6b1	registration-failed-narrow.png
3d2ad2ba173340fb983eceb5e01a6adbdb65d2e1c1098673fd50ee4793e35029	registration-failed-origins-narrow.png
c706424951dd6efc809f493511294e2a23c5a1c79638e1f638e27b5a4b01d411	registration-failed-status-narrow.png
255af761a14ca03dabb39be5e36da31814b7cbd6d950ddc9ff60cdd6be7aa806	settings/site-window-account-details-1040.png
ac1fc680cd6e9f26caa4425fb8d8fdcdd796d96c947f5b4a99c3e3bf5fffe429	settings/site-window-account-details-880.png
b318800b4713116dac9d36a1271521fa2d527232df0dd323270691eb30b9ff92	settings/site-window-accounts-1040.png
b8a7d3b771274d0d76763ca7f888303318a7c9919a1c72a38bd43c69d9fe05dd	settings/site-window-accounts-880.png
9d9040d2c5f50516512e08b75a18962826d8c57765bcc937ce642f5108f4b0e4	settings/site-window-basic-1040.png
ec845420030fce43d305a06a8f2b07bbfd12c410203a6e018d71a436411b394b	settings/site-window-basic-880.png
e15caee99170816cd8bb2052bd2f570a47ee3e15d5eb3f4a12e4930d9b715e39	settings/site-window-empty-list-1040.png
b8ba75890667c0e1be6d182893ddfc40aeabd4d74231174a05e54d0b894dc27a	settings/site-window-empty-list-880.png
883325265b014d0e6972115059af8f163a94156dc2dd3c57d342a3cabc139b08	settings/site-window-empty-selection-1040.png
f8303f86545fcd5acecde38c51f5637c4545a68b86347a9250a1118f789aed27	settings/site-window-empty-selection-880.png
7f1c8dfe2e88aebf06daf9c2898403880811c9608f2e77e66fa37a6f54908429	settings/site-window-load-error-1040.png
f9a9293ebb6088ab8c4b4609275c1d8e0fad45bedbc04f810a2dea13947b82e8	settings/site-window-load-error-880.png
